variable,year,who,value,actual,error,abs_error,pct_error
deficit,2021,"Prognozy Komisji Europejskiej dla Polski: PKB, inflacja, bezrobocie i dłóg",-3.8,-1.8,-1.9999999999999998,1.9999999999999998,111.1111111111111
deficit,2021,Francja: prognozy deficytu i długu publicznego na 2021 r,8.5,-1.8,10.3,10.3,-572.2222222222223
deficit,2021,Budżet 2021: deficyt budżetu i potrzeby pożyczkowe netto,82.3,-1.8,84.1,84.1,-4672.222222222222
deficit,2021,"Budżet 2021 – deficyt 82,3 mld zł i makroprognozy (PKB, inflacja, wynagrodzenia)",82.3,-1.8,84.1,84.1,-4672.222222222222
deficit,2021,"Kursy walut, rynek pracy i podatki w Polsce (Polski Ład) – 17 maja 2021",22.0,-1.8,23.8,23.8,-1322.2222222222222
deficit,2022,"Prognozy makroekonomiczne KE dla Polski na lata 2022–2024: inflacja, PKB, bezrobocie, deficyt i dług publiczny",-4.8,-5.3,0.5,0.5,-9.433962264150944
deficit,2022,MFW obniża prognozy wzrostu PKB i inflacji Polski oraz deficytu na rachunku bieżącym,2.9,-5.3,8.2,8.2,-154.71698113207546
deficit,2023,"Prognozy makroekonomiczne KE dla Polski na lata 2022–2024: inflacja, PKB, bezrobocie, deficyt i dług publiczny",-5.5,-5.3,-0.20000000000000018,0.20000000000000018,3.7735849056603805
deficit,2023,"Prognozy OECD dla Polski: PKB, inflacja, deficyt i dług publiczny",-5.2,-5.3,0.09999999999999964,0.09999999999999964,-1.886792452830182
deficit,2023,"Prognozy OECD dla Polski na 2023-2024: PKB, inflacja, stopy procentowe, deficyt i dług publiczny",-4.9,-5.3,0.39999999999999947,0.39999999999999947,-7.547169811320745
deficit,2023,MFW obniża prognozy wzrostu PKB i inflacji Polski oraz deficytu na rachunku bieżącym,2.7,-5.3,8.0,8.0,-150.9433962264151
gdp,2021,"Prognozy makroekonomiczne z Ankiety NBP (inflacja, PKB, stopy procentowe, bezrobocie, kurs PLN/EUR)",3.7,6.9,-3.2,3.2,-46.3768115942029
gdp,2021,Nowe prognozy inflacji i PKB NBP,5.3,6.9,-1.6000000000000005,1.6000000000000005,-23.188405797101456
gdp,2021,Prognozy KE dla Polski: wzrost PKB i niskie bezrobocie,4.0,6.9,-2.9000000000000004,2.9000000000000004,-42.02898550724638
gdp,2021,NBP marcowa projekcja 2019-2021: inflacja CPI i PKB,3.5,6.9,-3.4000000000000004,3.4000000000000004,-49.275362318840585
gdp,2021,"NBP projekcja: inflacja w górę, PKB w dół w latach 2019–2021",3.3,6.9,-3.6000000000000005,3.6000000000000005,-52.17391304347827
gdp,2021,"Prognozy NBP: inflacja wyraźnie przyspieszy, PKB także",4.1,6.9,-2.8000000000000007,2.8000000000000007,-40.579710144927546
gdp,2021,"KE prognozuje spadek PKB Polski w 2020 i odbicie w 2021 oraz inflację na poziomie ok. 2,7-2,8%",4.3,6.9,-2.6000000000000005,2.6000000000000005,-37.68115942028986
gdp,2021,NBP projection suggests further rate hikes; inflation and GDP forecasts for 2021–2023,5.3,6.9,-1.6000000000000005,1.6000000000000005,-23.188405797101456
gdp,2021,Prognozy makro dla strefy euro i decyzja EBC w sprawie stóp,4.6,6.9,-2.3000000000000007,2.3000000000000007,-33.33333333333334
gdp,2021,"Prognozy MFW dla PKB, inflacji i bezrobocia Polski na lata 2021-2022",5.1,6.9,-1.8000000000000007,1.8000000000000007,-26.08695652173914
gdp,2021,"RPP nie zmienia stóp, NFPlan i projekcje NBP inflacja/PKB; przewidywania dotyczące przyszłych podwyżek stóp",4.95,6.9,-1.9500000000000002,1.9500000000000002,-28.260869565217394
gdp,2021,KE prognozy inflacji i PKB w Polsce (2019-2021),3.3,6.9,-3.6000000000000005,3.6000000000000005,-52.17391304347827
gdp,2021,Prognozy PKB Polski po I kwartale 2021 i oczekiwania na rok 2021,5.0,6.9,-1.9000000000000004,1.9000000000000004,-27.536231884057976
gdp,2021,BOŚ Bank obniża prognozę wzrostu PKB Polski na 2021,3.7,6.9,-3.2,3.2,-46.3768115942029
gdp,2021,Gospodarka Polski – PKB w III kwartale 2021 i prognozy na 2021 i 2022,5.3,6.9,-1.6000000000000005,1.6000000000000005,-23.188405797101456
gdp,2021,OECD podwyższa prognozy dynamiki PKB na świat na 2020 i 2021,5.0,6.9,-1.9000000000000004,1.9000000000000004,-27.536231884057976
gdp,2021,Prognozy PKB i stóp procentowych w kontekście IV fali koronawirusa,5.4,6.9,-1.5,1.5,-21.73913043478261
gdp,2021,Odbudowa wzrostu gospodarczego Polski – prognozy PKB na 2021 i 2022,3.7,6.9,-3.2,3.2,-46.3768115942029
gdp,2021,"Prognozy makroekonomiczne na temat PKB, inflacji i płac w Polsce na lata 2021–2023.",4.1,6.9,-2.8000000000000007,2.8000000000000007,-40.579710144927546
gdp,2021,"Prognozy Komisji Europejskiej dla Polski: PKB, inflacja, bezrobocie i dłóg",4.1,6.9,-2.8000000000000007,2.8000000000000007,-40.579710144927546
gdp,2021,Prognozy MF: PKB Polski ma rosnąć o około 5% w latach 2021-2022,5.0,6.9,-1.9000000000000004,1.9000000000000004,-27.536231884057976
gdp,2021,Gospodarka Polski: silny wzrost PKB w II kw. 2021 i prognoza roczna,5.4,6.9,-1.5,1.5,-21.73913043478261
gdp,2021,Wzrost PKB USA i wcześniejsze prognozy,8.5,6.9,1.5999999999999996,1.5999999999999996,23.188405797101446
gdp,2021,Fitch podnosi prognozy wzrostu PKB Polski na 2021 i 2022; inflacja i stopy procentowe,4.1,6.9,-2.8000000000000007,2.8000000000000007,-40.579710144927546
gdp,2021,Prognozy KE dotyczące wzrostu PKB UE w 2021 i 2022,3.7,6.9,-3.2,3.2,-46.3768115942029
gdp,2021,Dane o produkcji przemysłowej i prognozy PKB w 2021,5.4,6.9,-1.5,1.5,-21.73913043478261
gdp,2021,Odczyt PKB za II kwartał 2021 z mniejszą inwestycją i prognozami na inflację i PKB,5.5,6.9,-1.4000000000000004,1.4000000000000004,-20.289855072463773
gdp,2021,Pozytywne prognozy Goldman Sachs dla Polski - PKB i inflacja,6.1,6.9,-0.8000000000000007,0.8000000000000007,-11.594202898550735
gdp,2021,Prognozy KE dotyczące PKB Polski na lata 2020-2021,3.1,6.9,-3.8000000000000003,3.8000000000000003,-55.072463768115945
gdp,2021,Prognoza wzrostu PKB Chin na 2021 powyżej 6%,6.0,6.9,-0.9000000000000004,0.9000000000000004,-13.04347826086957
gdp,2021,Prognoza udziału szarej strefy w PKB w 2021 roku według IPAG,12.3,6.9,5.4,5.4,78.26086956521739
gdp,2021,Prognoza IMF dotycząca wzrostu światowego PKB,6.0,6.9,-0.9000000000000004,0.9000000000000004,-13.04347826086957
gdp,2021,Francja: prognozy deficytu i długu publicznego na 2021 r,6.0,6.9,-0.9000000000000004,0.9000000000000004,-13.04347826086957
gdp,2021,Prognoza PKB Polski na 2021 r. (PKO BP),4.7,6.9,-2.2,2.2,-31.884057971014496
gdp,2021,Polska gospodarka – prognoza PKB na 2021 rok,5.1,6.9,-1.8000000000000007,1.8000000000000007,-26.08695652173914
gdp,2021,Glapiński o koronawirusie i inflacji – projekcje makroekonomiczne NBP,3.0,6.9,-3.9000000000000004,3.9000000000000004,-56.52173913043479
gdp,2021,Obniżenie prognozy wzrostu PKB Polski na 2020 rok przez Credit Agricole,3.3,6.9,-3.6000000000000005,3.6000000000000005,-52.17391304347827
gdp,2021,Prognozy OECD dla wzrostu PKB Polski w latach 2021 i 2022 oraz ryzyka inflacyjne,5.0,6.9,-1.9000000000000004,1.9000000000000004,-27.536231884057976
gdp,2021,Makroekonomiczne założenia do budżetu 2021 (Polska),4.0,6.9,-2.9000000000000004,2.9000000000000004,-42.02898550724638
gdp,2021,Tempo rozwoju polskiej gospodarki; prognoza PKB na 2021,4.0,6.9,-2.9000000000000004,2.9000000000000004,-42.02898550724638
gdp,2021,Główne prognozy PKB Banku Światowego (Polska i świat),2.8,6.9,-4.1000000000000005,4.1000000000000005,-59.420289855072475
gdp,2021,"Prognozy dotyczące tempa wzrostu PKB; oczekiwania na koniec roku 4% oraz spowolnienie spadku PKB w I kw. na 1,5%",4.0,6.9,-2.9000000000000004,2.9000000000000004,-42.02898550724638
gdp,2021,Budżet 2021: deficyt budżetu i potrzeby pożyczkowe netto,4.0,6.9,-2.9000000000000004,2.9000000000000004,-42.02898550724638
gdp,2021,Projekcje inflacji i PKB NBP (lipiec 2019) oraz perspektywy stóp procentowych,3.35,6.9,-3.5500000000000003,3.5500000000000003,-51.44927536231884
gdp,2021,Prognozy NBP dotyczące PKB i inflacji na 2022 rok,5.0,6.9,-1.9000000000000004,1.9000000000000004,-27.536231884057976
gdp,2021,RPP: centralne projekcje NBP dotyczące inflacji i PKB na lata 2021–2023,4.1,6.9,-2.8000000000000007,2.8000000000000007,-40.579710144927546
gdp,2021,Prognozy inflacji i PKB według NBP,3.25,6.9,-3.6500000000000004,3.6500000000000004,-52.89855072463768
gdp,2021,"Budżet 2021 – deficyt 82,3 mld zł i makroprognozy (PKB, inflacja, wynagrodzenia)",4.0,6.9,-2.9000000000000004,2.9000000000000004,-42.02898550724638
gdp,2021,Polska poza czołówką wzrostu PKB w UE; prognozy KE na 2021-2022,4.0,6.9,-2.9000000000000004,2.9000000000000004,-42.02898550724638
gdp,2021,Moody’s potwierdził rating Polski na A2; perspektywa stabilna; prognozy PKB na 2021 i 2022,3.3,6.9,-3.6000000000000005,3.6000000000000005,-52.17391304347827
gdp,2021,RPP nie podniesie stóp; rynek liczy na sygnał i silny wzrost PKB w 2021,5.0,6.9,-1.9000000000000004,1.9000000000000004,-27.536231884057976
gdp,2021,"Prognozy makroekonomiczne dotyczące inflacji, PKB i stóp procentowych w 2021 r. w Polsce",4.5,6.9,-2.4000000000000004,2.4000000000000004,-34.78260869565218
gdp,2021,Prognozy makroekonomiczne FOMC i ścieżka stóp Fed,5.9,6.9,-1.0,1.0,-14.492753623188406
gdp,2022,"Prognozy makroekonomiczne KE dla Polski na lata 2022–2024: inflacja, PKB, bezrobocie, deficyt i dług publiczny",4.0,5.3,-1.2999999999999998,1.2999999999999998,-24.528301886792452
gdp,2022,Prognozy KE dla Polski: inflacja i PKB na lata 2022-2023,5.2,5.3,-0.09999999999999964,0.09999999999999964,-1.886792452830182
gdp,2022,Prognoza NBP dotycząca inflacji CPI i wzrostu PKB w latach 2022-2024,4.7,5.3,-0.5999999999999996,0.5999999999999996,-11.320754716981126
gdp,2022,"Prognozy makroekonomiczne z Ankiety NBP (inflacja, PKB, stopy procentowe, bezrobocie, kurs PLN/EUR)",4.2,5.3,-1.0999999999999996,1.0999999999999996,-20.754716981132066
gdp,2022,Nowe prognozy inflacji i PKB NBP,4.9,5.3,-0.39999999999999947,0.39999999999999947,-7.547169811320745
gdp,2022,Prognozy KE dla Polski: wzrost PKB i niskie bezrobocie,5.4,5.3,0.10000000000000053,0.10000000000000053,1.8867924528301987
gdp,2022,"Prognozy NBP: inflacja wyraźnie przyspieszy, PKB także",5.4,5.3,0.10000000000000053,0.10000000000000053,1.8867924528301987
gdp,2022,NBP projection suggests further rate hikes; inflation and GDP forecasts for 2021–2023,4.9,5.3,-0.39999999999999947,0.39999999999999947,-7.547169811320745
gdp,2022,Prognozy makro dla strefy euro i decyzja EBC w sprawie stóp,4.7,5.3,-0.5999999999999996,0.5999999999999996,-11.320754716981126
gdp,2022,"Prognozy makroekonomiczne NBP: inflacja, PKB i stopy procentowe na 2022-2023",4.3,5.3,-1.0,1.0,-18.867924528301888
gdp,2022,"Podsumowania 2021, prognozy 2022",4.3,5.3,-1.0,1.0,-18.867924528301888
gdp,2022,"Prognozy makro dla Polski: PKB, inflacja i stopy procentowe",3.6,5.3,-1.6999999999999997,1.6999999999999997,-32.075471698113205
gdp,2022,"Prognozy MFW dla PKB, inflacji i bezrobocia Polski na lata 2021-2022",5.1,5.3,-0.20000000000000018,0.20000000000000018,-3.7735849056603805
gdp,2022,"RPP nie zmienia stóp, NFPlan i projekcje NBP inflacja/PKB; przewidywania dotyczące przyszłych podwyżek stóp",5.35,5.3,0.04999999999999982,0.04999999999999982,0.943396226415091
gdp,2022,Inflacja i prognozy makroekonomiczne w Polsce według Ankiety NBP,4.7,5.3,-0.5999999999999996,0.5999999999999996,-11.320754716981126
gdp,2022,"PKO BP obniża prognozę PKB na 2022, inflacja i stopy procentowe rosną",3.3,5.3,-2.0,2.0,-37.735849056603776
gdp,2022,Podwyżka stóp procentowych przez RPP i prognozy inflacji oraz PKB,4.35,5.3,-0.9500000000000002,0.9500000000000002,-17.924528301886795
gdp,2022,Podwyżki stóp procentowych w Polsce i związane z tym prognozy inflacji oraz PKB,8.0,5.3,2.7,2.7,50.943396226415096
gdp,2022,Gospodarka Polski – PKB w III kwartale 2021 i prognozy na 2021 i 2022,4.5,5.3,-0.7999999999999998,0.7999999999999998,-15.094339622641506
gdp,2022,Prognozy PKB i stóp procentowych w kontekście IV fali koronawirusa,5.1,5.3,-0.20000000000000018,0.20000000000000018,-3.7735849056603805
gdp,2022,Odbudowa wzrostu gospodarczego Polski – prognozy PKB na 2021 i 2022,5.3,5.3,0.0,0.0,0.0
gdp,2022,"Prognozy makroekonomiczne na temat PKB, inflacji i płac w Polsce na lata 2021–2023.",5.4,5.3,0.10000000000000053,0.10000000000000053,1.8867924528301987
gdp,2022,Fitch podnosi prognozy wzrostu PKB Polski na 2021 i 2022; inflacja i stopy procentowe,4.7,5.3,-0.5999999999999996,0.5999999999999996,-11.320754716981126
gdp,2022,Rewizja danych GUS prowadzi do podwyższenia prognoz PKB na 2022 i obniżenia na 2023,4.8,5.3,-0.5,0.5,-9.433962264150944
gdp,2022,Prognozy KE dotyczące wzrostu PKB UE w 2021 i 2022,3.9,5.3,-1.4,1.4,-26.41509433962264
gdp,2022,Wstępne odczyty PKB strefy euro i prognoza dla Polski,8.0,5.3,2.7,2.7,50.943396226415096
gdp,2022,Pozytywne prognozy Goldman Sachs dla Polski - PKB i inflacja,4.8,5.3,-0.5,0.5,-9.433962264150944
gdp,2022,Polska ma awansować w rankingu największych gospodarek świata według IMF; obniżono prognozy wzrostu PKB Polski na 2022 i 2023.,3.7,5.3,-1.5999999999999996,1.5999999999999996,-30.188679245283012
gdp,2022,Bank Światowy obniżył prognozy wzrostu PKB Polski na 2022 i 2023,3.9,5.3,-1.4,1.4,-26.41509433962264
gdp,2022,Prognoza IMF dotycząca wzrostu światowego PKB,4.9,5.3,-0.39999999999999947,0.39999999999999947,-7.547169811320745
gdp,2022,Prognozy wzrostu gospodarczego i stóp procentowych na 2022 r. w Polsce,4.6,5.3,-0.7000000000000002,0.7000000000000002,-13.207547169811324
gdp,2022,"ING BSK: 7% wzrost PKB w I kw. 2022 i prognozy wzrostu stóp NBP do 4,50%",7.0,5.3,1.7000000000000002,1.7000000000000002,32.07547169811321
gdp,2022,Korekta prognoz makro dla Polski: PKB i inflacja na lata 2022–2023 przez Credit Agricole,3.5,5.3,-1.7999999999999998,1.7999999999999998,-33.9622641509434
gdp,2022,Glapiński o koronawirusie i inflacji – projekcje makroekonomiczne NBP,2.75,5.3,-2.55,2.55,-48.113207547169814
gdp,2022,Prognozy OECD dla wzrostu PKB Polski w latach 2021 i 2022 oraz ryzyka inflacyjne,5.0,5.3,-0.2999999999999998,0.2999999999999998,-5.660377358490563
gdp,2022,"NBP: inflacja CPI rośnie w horyzoncie, PKB spada w 2023, potem rośnie",4.6,5.3,-0.7000000000000002,0.7000000000000002,-13.207547169811324
gdp,2022,Prognozy NBP dotyczące PKB i inflacji na 2022 rok,5.4,5.3,0.10000000000000053,0.10000000000000053,1.8867924528301987
gdp,2022,"Decyzja RPP i projekcje NBP dotyczące inflacji i PKB, bez zmian stóp",4.6,5.3,-0.7000000000000002,0.7000000000000002,-13.207547169811324
gdp,2022,RPP: centralne projekcje NBP dotyczące inflacji i PKB na lata 2021–2023,5.4,5.3,0.10000000000000053,0.10000000000000053,1.8867924528301987
gdp,2022,NBP central projection: inflacja CPI i PKB w latach 2022–2024,4.4,5.3,-0.8999999999999995,0.8999999999999995,-16.981132075471688
gdp,2022,"Prognoza PKB USA na I kwartał 2022: 0,4% annualizowany",0.4,5.3,-4.8999999999999995,4.8999999999999995,-92.45283018867923
gdp,2022,Polska poza czołówką wzrostu PKB w UE; prognozy KE na 2021-2022,5.4,5.3,0.10000000000000053,0.10000000000000053,1.8867924528301987
gdp,2022,Moody’s potwierdził rating Polski na A2; perspektywa stabilna; prognozy PKB na 2021 i 2022,4.8,5.3,-0.5,0.5,-9.433962264150944
gdp,2022,Prognozy makroekonomiczne FOMC i ścieżka stóp Fed,3.8,5.3,-1.5,1.5,-28.30188679245283
gdp,2022,"Prognoza KE: recesja w UE w 2022 Q4, później powrót wzrostu w latach 2023–2024, wysoką inflację",3.3,5.3,-2.0,2.0,-37.735849056603776
gdp,2022,NBP: większe prawdopodobieństwo dalszych podwyżek stóp procentowych; centralna projekcja inflacji i PKB na lata 2021-2023,4.9,5.3,-0.39999999999999947,0.39999999999999947,-7.547169811320745
gdp,2022,RPP podwyższyła stopy i opublikowała projekcje NBP dotyczące inflacji i PKB,4.7,5.3,-0.5999999999999996,0.5999999999999996,-11.320754716981126
gdp,2022,"Alior Bank zrewidował prognozy: inflacja, PKB i stopy procentowe",3.9,5.3,-1.4,1.4,-26.41509433962264
gdp,2022,Prognozy Banku Światowego dla Polski na lata 2022-2030 (wzrost potencjału do 4%),4.0,5.3,-1.2999999999999998,1.2999999999999998,-24.528301886792452
gdp,2022,MFW obniża prognozy wzrostu PKB i inflacji Polski oraz deficytu na rachunku bieżącym,3.7,5.3,-1.5999999999999996,1.5999999999999996,-30.188679245283012
gdp,2022,Prognoza PKB USA na III kwartał 2022 według Atlanty Fed,3.1,5.3,-2.1999999999999997,2.1999999999999997,-41.50943396226415
gdp,2022,IPiAG prognozuje dynamikę PKB i inflacji w Polsce na lata 2022-2023,4.1,5.3,-1.2000000000000002,1.2000000000000002,-22.641509433962266
gdp,2023,"Prognozy makroekonomiczne KE dla Polski na lata 2022–2024: inflacja, PKB, bezrobocie, deficyt i dług publiczny",0.7,0.1,0.6,0.6,599.9999999999999
gdp,2023,Prognozy PKB Polski na 2023 r. (Credit Agricole),1.2,0.1,1.0999999999999999,1.0999999999999999,1099.9999999999998
gdp,2023,Prognozy KE dla Polski: inflacja i PKB na lata 2022-2023,1.5,0.1,1.4,1.4,1399.9999999999998
gdp,2023,Fitch obniżyła prognozy PKB Polski i podała prognozy inflacyjne oraz stóp procentowych,0.7,0.1,0.6,0.6,599.9999999999999
gdp,2023,"Prognozy makroekonomiczne PKO BP dotyczące Polski na 2023: PKB, inflacja i stopy procentowe",0.1,0.1,0.0,0.0,0.0
gdp,2023,"Prognozy KE dla Polski: PKB, inflacja i bezrobocie (2023-2025)",0.4,0.1,0.30000000000000004,0.30000000000000004,300.00000000000006
gdp,2023,"Prognozy OECD dla Polski: PKB, inflacja, deficyt i dług publiczny",0.4,0.1,0.30000000000000004,0.30000000000000004,300.00000000000006
gdp,2023,"Prognozy OECD dla Polski na 2023-2024: PKB, inflacja, stopy procentowe, deficyt i dług publiczny",0.9,0.1,0.8,0.8,800.0
gdp,2023,Prognoza NBP dotycząca inflacji CPI i wzrostu PKB w latach 2022-2024,1.4,0.1,1.2999999999999998,1.2999999999999998,1299.9999999999998
gdp,2023,Prognozy IMF/WEO dotyczące globalnego PKB i inflacji,2.8,0.1,2.6999999999999997,2.6999999999999997,2699.9999999999995
gdp,2023,"Prognozy makroekonomiczne z Ankiety NBP (inflacja, PKB, stopy procentowe, bezrobocie, kurs PLN/EUR)",3.7,0.1,3.6,3.6,3600.0
gdp,2023,Nowe prognozy inflacji i PKB NBP,4.9,0.1,4.800000000000001,4.800000000000001,4800.000000000001
gdp,2023,"Prognozy NBP: inflacja wyraźnie przyspieszy, PKB także",5.4,0.1,5.300000000000001,5.300000000000001,5300.000000000001
gdp,2023,NBP projection suggests further rate hikes; inflation and GDP forecasts for 2021–2023,4.9,0.1,4.800000000000001,4.800000000000001,4800.000000000001
gdp,2023,Prognozy makro dla strefy euro i decyzja EBC w sprawie stóp,2.1,0.1,2.0,2.0,2000.0
gdp,2023,"Prognozy makroekonomiczne NBP: inflacja, PKB i stopy procentowe na 2022-2023",4.0,0.1,3.9,3.9,3900.0
gdp,2023,"RPP nie zmienia stóp, NFPlan i projekcje NBP inflacja/PKB; przewidywania dotyczące przyszłych podwyżek stóp",5.3,0.1,5.2,5.2,5200.0
gdp,2023,Inflacja i prognozy makroekonomiczne w Polsce według Ankiety NBP,4.1,0.1,3.9999999999999996,3.9999999999999996,3999.999999999999
gdp,2023,Podwyżka stóp procentowych przez RPP i prognozy inflacji oraz PKB,3.5,0.1,3.4,3.4,3400.0
gdp,2023,Prognoza inflacji i PKB według NBP (lipiec 2023),0.6,0.1,0.5,0.5,500.0
gdp,2023,"Prognozy makroekonomiczne na temat PKB, inflacji i płac w Polsce na lata 2021–2023.",5.4,0.1,5.300000000000001,5.300000000000001,5300.000000000001
gdp,2023,Rewizja danych GUS prowadzi do podwyższenia prognoz PKB na 2022 i obniżenia na 2023,0.4,0.1,0.30000000000000004,0.30000000000000004,300.00000000000006
gdp,2023,Pozytywne prognozy Goldman Sachs dla Polski - PKB i inflacja,3.5,0.1,3.4,3.4,3400.0
gdp,2023,Polska ma awansować w rankingu największych gospodarek świata według IMF; obniżono prognozy wzrostu PKB Polski na 2022 i 2023.,2.9,0.1,2.8,2.8,2799.9999999999995
gdp,2023,Bank Światowy obniżył prognozy wzrostu PKB Polski na 2022 i 2023,3.6,0.1,3.5,3.5,3500.0
gdp,2023,Prognozy PKB i inflacji Polski według Goldman Sachs na 2023–2024,0.9,0.1,0.8,0.8,800.0
gdp,2023,Korekta prognoz makro dla Polski: PKB i inflacja na lata 2022–2023 przez Credit Agricole,4.3,0.1,4.2,4.2,4200.0
gdp,2023,RPP pozostaje stabilna; NECMOD prezentuje prognozy inflacji i PKB na 2023–2025,0.85,0.1,0.75,0.75,750.0
gdp,2023,"NBP: inflacja CPI rośnie w horyzoncie, PKB spada w 2023, potem rośnie",0.7,0.1,0.6,0.6,599.9999999999999
gdp,2023,"Decyzja RPP i projekcje NBP dotyczące inflacji i PKB, bez zmian stóp",0.65,0.1,0.55,0.55,550.0
gdp,2023,RPP: centralne projekcje NBP dotyczące inflacji i PKB na lata 2021–2023,5.4,0.1,5.300000000000001,5.300000000000001,5300.000000000001
gdp,2023,NBP central projection: inflacja CPI i PKB w latach 2022–2024,3.0,0.1,2.9,2.9,2899.9999999999995
gdp,2023,"Prognoza KE: recesja w UE w 2022 Q4, później powrót wzrostu w latach 2023–2024, wysoką inflację",0.3,0.1,0.19999999999999998,0.19999999999999998,199.99999999999997
gdp,2023,RPP podnosi stopy procentowe; projekcje inflacji i PKB według NBP,3.5,0.1,3.4,3.4,3400.0
gdp,2023,RPP podwyższyła stopy i opublikowała projekcje NBP dotyczące inflacji i PKB,1.25,0.1,1.15,1.15,1149.9999999999998
gdp,2023,Prognozy PIE dotyczące wynagrodzeń i PKB w 2023,0.5,0.1,0.4,0.4,400.0
gdp,2023,"Alior Bank zrewidował prognozy: inflacja, PKB i stopy procentowe",2.7,0.1,2.6,2.6,2600.0
gdp,2023,MFW obniża prognozy wzrostu PKB i inflacji Polski oraz deficytu na rachunku bieżącym,2.9,0.1,2.8,2.8,2799.9999999999995
gdp,2023,Prognoza PKB Niemiec na 2023 rok,-0.4,0.1,-0.5,0.5,-500.0
gdp,2023,IPiAG prognozuje dynamikę PKB i inflacji w Polsce na lata 2022-2023,1.5,0.1,1.4,1.4,1399.9999999999998
gdp,2023,Prognoza wzrostu PKB Polski według EBOiR na lata 2023 i 2024,0.6,0.1,0.5,0.5,500.0
inflation,2021,"Prognozy makroekonomiczne z Ankiety NBP (inflacja, PKB, stopy procentowe, bezrobocie, kurs PLN/EUR)",3.4,5.1,-1.6999999999999997,1.6999999999999997,-33.33333333333333
inflation,2021,Nowe prognozy inflacji i PKB NBP,4.9,5.1,-0.1999999999999993,0.1999999999999993,-3.9215686274509665
inflation,2021,Prognozy KE dla Polski: wzrost PKB i niskie bezrobocie,3.5,5.1,-1.5999999999999996,1.5999999999999996,-31.37254901960784
inflation,2021,NBP marcowa projekcja 2019-2021: inflacja CPI i PKB,2.5,5.1,-2.5999999999999996,2.5999999999999996,-50.98039215686274
inflation,2021,"NBP projekcja: inflacja w górę, PKB w dół w latach 2019–2021",2.6,5.1,-2.4999999999999996,2.4999999999999996,-49.019607843137244
inflation,2021,"Prognozy NBP: inflacja wyraźnie przyspieszy, PKB także",3.1,5.1,-1.9999999999999996,1.9999999999999996,-39.2156862745098
inflation,2021,Inflation forecast for Poland in 2021,2.5,5.1,-2.5999999999999996,2.5999999999999996,-50.98039215686274
inflation,2021,"KE prognozuje spadek PKB Polski w 2020 i odbicie w 2021 oraz inflację na poziomie ok. 2,7-2,8%",2.8,5.1,-2.3,2.3,-45.09803921568628
inflation,2021,Inflacja producencka w strefie euro i prognoza inflacji w Polsce,8.0,5.1,2.9000000000000004,2.9000000000000004,56.86274509803923
inflation,2021,Wzrost inflacji w lipcu 2021 oraz prognozy na lata 2022-2023,5.5,5.1,0.40000000000000036,0.40000000000000036,7.843137254901968
inflation,2021,Inflacja CPI w Polsce (kwiecień 2021) i prognozy analityków,4.0,5.1,-1.0999999999999996,1.0999999999999996,-21.568627450980387
inflation,2021,NBP projection suggests further rate hikes; inflation and GDP forecasts for 2021–2023,4.9,5.1,-0.1999999999999993,0.1999999999999993,-3.9215686274509665
inflation,2021,Prognozy walutowe dotyczące złotego i kursów FX,6.0,5.1,0.9000000000000004,0.9000000000000004,17.64705882352942
inflation,2021,Inflacja w Polsce w listopadzie 2021 i prognozy na 2022,8.0,5.1,2.9000000000000004,2.9000000000000004,56.86274509803923
inflation,2021,Inflacja CPI w USA – odczyt i prognozy rynkowe dla kwietnia 2021,3.6,5.1,-1.4999999999999996,1.4999999999999996,-29.411764705882348
inflation,2021,Prognozy makro dla strefy euro i decyzja EBC w sprawie stóp,1.9,5.1,-3.1999999999999997,3.1999999999999997,-62.745098039215684
inflation,2021,"Prognozy MFW dla PKB, inflacji i bezrobocia Polski na lata 2021-2022",4.4,5.1,-0.6999999999999993,0.6999999999999993,-13.725490196078418
inflation,2021,Prognozy makroekonomiczne na 2021 rok w Polsce,3.25,5.1,-1.8499999999999996,1.8499999999999996,-36.27450980392156
inflation,2021,"RPP nie zmienia stóp, NFPlan i projekcje NBP inflacja/PKB; przewidywania dotyczące przyszłych podwyżek stóp",4.1,5.1,-1.0,1.0,-19.607843137254903
inflation,2021,"Inflacja w Polsce i oczekiwania dotyczące polityki pieniężnej (żywność, inflacja, stopy procentowe)",3.0,5.1,-2.0999999999999996,2.0999999999999996,-41.17647058823529
inflation,2021,Inflacja bazowa w Polsce: dane kwietnia 2021 i komentarze dotyczące krótkoterminowych prognoz,5.0,5.1,-0.09999999999999964,0.09999999999999964,-1.9607843137254832
inflation,2021,Inflacja CPI w USA w listopadzie 2021,6.8,5.1,1.7000000000000002,1.7000000000000002,33.333333333333336
inflation,2021,KE prognozy inflacji i PKB w Polsce (2019-2021),2.5,5.1,-2.5999999999999996,2.5999999999999996,-50.98039215686274
inflation,2021,Inflacja w Polsce – prognozy CPI na 2021 i 2022 według ING Banku Śląskiego,4.3,5.1,-0.7999999999999998,0.7999999999999998,-15.68627450980392
inflation,2021,"Inflacja CPI w Polsce w maju 2021, z prognozą na czerwiec powyżej 5%",5.0,5.1,-0.09999999999999964,0.09999999999999964,-1.9607843137254832
inflation,2021,Inflacja w USA (CPI) w czerwcu 2021,4.9,5.1,-0.1999999999999993,0.1999999999999993,-3.9215686274509665
inflation,2021,Inflacja CPI w Polsce i prognozy na 2021,4.0,5.1,-1.0999999999999996,1.0999999999999996,-21.568627450980387
inflation,2021,Inflacja CPI w USA we wrześniu 2021 – prognozy i realizacja,5.3,5.1,0.20000000000000018,0.20000000000000018,3.921568627450984
inflation,2021,Inflacja HICP w strefie euro we wrześniu 2021,3.3,5.1,-1.7999999999999998,1.7999999999999998,-35.29411764705882
inflation,2021,"Prognozy makroekonomiczne na temat PKB, inflacji i płac w Polsce na lata 2021–2023.",3.1,5.1,-1.9999999999999996,1.9999999999999996,-39.2156862745098
inflation,2021,"Prognozy Komisji Europejskiej dla Polski: PKB, inflacja, bezrobocie i dłóg",2.8,5.1,-2.3,2.3,-45.09803921568628
inflation,2021,Fitch podnosi prognozy wzrostu PKB Polski na 2021 i 2022; inflacja i stopy procentowe,2.5,5.1,-2.5999999999999996,2.5999999999999996,-50.98039215686274
inflation,2021,Odczyt PKB za II kwartał 2021 z mniejszą inwestycją i prognozami na inflację i PKB,5.0,5.1,-0.09999999999999964,0.09999999999999964,-1.9607843137254832
inflation,2021,Pozytywne prognozy Goldman Sachs dla Polski - PKB i inflacja,1.7,5.1,-3.3999999999999995,3.3999999999999995,-66.66666666666666
inflation,2021,Glapiński o koronawirusie i inflacji – projekcje makroekonomiczne NBP,2.65,5.1,-2.4499999999999997,2.4499999999999997,-48.0392156862745
inflation,2021,Wyjaśnienie rynkowego konsensusu i mediany prognoz,3.6,5.1,-1.4999999999999996,1.4999999999999996,-29.411764705882348
inflation,2021,Makroekonomiczne założenia do budżetu 2021 (Polska),1.8,5.1,-3.3,3.3,-64.70588235294117
inflation,2021,Projekcje inflacji i PKB NBP (lipiec 2019) oraz perspektywy stóp procentowych,2.4,5.1,-2.6999999999999997,2.6999999999999997,-52.94117647058824
inflation,2021,Inflacja w Polsce – październik 2021 i prognozy NB P,4.9,5.1,-0.1999999999999993,0.1999999999999993,-3.9215686274509665
inflation,2021,Inflacja CPI w Polsce i prognozy na najbliższe miesiące,4.0,5.1,-1.0999999999999996,1.0999999999999996,-21.568627450980387
inflation,2021,Prognozy inflacji i polityki pieniężnej w Polsce (2021–2022),4.3,5.1,-0.7999999999999998,0.7999999999999998,-15.68627450980392
inflation,2021,"RPP posiedzenie, inflacja i możliwe ruchy stóp procentowych",7.0,5.1,1.9000000000000004,1.9000000000000004,37.25490196078432
inflation,2021,Prognozy inflacyjne wg raportu NBP,3.5,5.1,-1.5999999999999996,1.5999999999999996,-31.37254901960784
inflation,2021,RPP: centralne projekcje NBP dotyczące inflacji i PKB na lata 2021–2023,3.1,5.1,-1.9999999999999996,1.9999999999999996,-39.2156862745098
inflation,2021,Szanse na podwyżki stóp zerowe; RPP zareaguje dopiero na 4-proc. inflację,2.6,5.1,-2.4999999999999996,2.4999999999999996,-49.019607843137244
inflation,2021,Inflacja i podwyżki stóp procentowych – prognozy NBP,2.6,5.1,-2.4999999999999996,2.4999999999999996,-49.019607843137244
inflation,2021,Utrzymanie stóp procentowych przez RPP i inflacyjne prognozy na koniec 2021 oraz 2022,6.0,5.1,0.9000000000000004,0.9000000000000004,17.64705882352942
inflation,2021,Wzrost inflacji CPI i wpływ cen produkcji na perspektywy cen w Polsce,4.0,5.1,-1.0999999999999996,1.0999999999999996,-21.568627450980387
inflation,2021,"RPP posiedzenie i scenariusze makroekonomiczne, w tym inflacja i stopy procentowe",7.0,5.1,1.9000000000000004,1.9000000000000004,37.25490196078432
inflation,2021,"Inflacja CPI w Polsce w kwietniu 2021 wyniosła 4,3% r/r; prognoza wzrostu do ponad 5% w czerwcu 2021.",5.0,5.1,-0.09999999999999964,0.09999999999999964,-1.9607843137254832
inflation,2021,Inflacja nie przekroczy celu NBP w 2021; kolejne interwencje walutowe możliwe,2.5,5.1,-2.5999999999999996,2.5999999999999996,-50.98039215686274
inflation,2021,Prognozy inflacji i PKB według NBP,2.6,5.1,-2.4999999999999996,2.4999999999999996,-49.019607843137244
inflation,2021,Prognozy inflacji i stóp procentowych (RPP) według Gatnara na 2021-2022,8.0,5.1,2.9000000000000004,2.9000000000000004,56.86274509803923
inflation,2021,"Budżet 2021 – deficyt 82,3 mld zł i makroprognozy (PKB, inflacja, wynagrodzenia)",1.8,5.1,-3.3,3.3,-64.70588235294117
inflation,2021,Polska poza czołówką wzrostu PKB w UE; prognozy KE na 2021-2022,3.5,5.1,-1.5999999999999996,1.5999999999999996,-31.37254901960784
inflation,2021,"Prognozy makroekonomiczne dotyczące inflacji, PKB i stóp procentowych w 2021 r. w Polsce",4.0,5.1,-1.0999999999999996,1.0999999999999996,-21.568627450980387
inflation,2021,Inflacja w Rumunii najwyższa w regionie; ekonomiści szacują prognozy inflacyjne dla Polski na koniec 2021 i początek 2022.,6.0,5.1,0.9000000000000004,0.9000000000000004,17.64705882352942
inflation,2021,Prognozy makroekonomiczne FOMC i ścieżka stóp Fed,4.2,5.1,-0.8999999999999995,0.8999999999999995,-17.647058823529402
inflation,2021,Podwyżka stóp procentowych przez RPP i projekcja inflacji NBP na lata 2021–2023,4.85,5.1,-0.25,0.25,-4.901960784313726
inflation,2021,RPP maj 2021: rosnąca inflacja i perspektywy podwyżek stóp procentowych,3.5,5.1,-1.5999999999999996,1.5999999999999996,-31.37254901960784
inflation,2021,"Czarne łabędzie makroekonomiczne na 2021 rok (inflacja, kurs walutowy, polityka fiskalna)",6.0,5.1,0.9000000000000004,0.9000000000000004,17.64705882352942
inflation,2021,Podwyżki stóp procentowych NBP i inflacja w projekcie budżetu na 2022 r.,4.3,5.1,-0.7999999999999998,0.7999999999999998,-15.68627450980392
inflation,2022,"Prognozy makroekonomiczne KE dla Polski na lata 2022–2024: inflacja, PKB, bezrobocie, deficyt i dług publiczny",13.3,14.4,-1.0999999999999996,1.0999999999999996,-7.638888888888887
inflation,2022,Prognozy KE dla Polski: inflacja i PKB na lata 2022-2023,12.2,14.4,-2.200000000000001,2.200000000000001,-15.277777777777784
inflation,2022,Prognoza NBP dotycząca inflacji CPI i wzrostu PKB w latach 2022-2024,14.2,14.4,-0.20000000000000107,0.20000000000000107,-1.3888888888888962
inflation,2022,"Prognozy makroekonomiczne z Ankiety NBP (inflacja, PKB, stopy procentowe, bezrobocie, kurs PLN/EUR)",2.9,14.4,-11.5,11.5,-79.8611111111111
inflation,2022,Nowe prognozy inflacji i PKB NBP,5.8,14.4,-8.600000000000001,8.600000000000001,-59.72222222222223
inflation,2022,Prognozy KE dla Polski: wzrost PKB i niskie bezrobocie,2.9,14.4,-11.5,11.5,-79.8611111111111
inflation,2022,Oczekiwania inflacyjne i prognozy makro dla Polski (grudzień 2021),7.5,14.4,-6.9,6.9,-47.91666666666667
inflation,2022,"Prognozy NBP: inflacja wyraźnie przyspieszy, PKB także",2.8,14.4,-11.600000000000001,11.600000000000001,-80.55555555555556
inflation,2022,"Prognozy makro Pekao na 2022: bezrobocie, inflacja, wynagrodzenia, stopy procentowe",6.9,14.4,-7.5,7.5,-52.083333333333336
inflation,2022,Wzrost inflacji w lipcu 2021 oraz prognozy na lata 2022-2023,5.0,14.4,-9.4,9.4,-65.27777777777779
inflation,2022,Inflacja CPI w październiku 2021 w Polsce i oczekiwania na 2022 rok,7.5,14.4,-6.9,6.9,-47.91666666666667
inflation,2022,NBP projection suggests further rate hikes; inflation and GDP forecasts for 2021–2023,5.8,14.4,-8.600000000000001,8.600000000000001,-59.72222222222223
inflation,2022,Inflacja w Polsce w 2022 roku i prognozy jej poziomu,7.8,14.4,-6.6000000000000005,6.6000000000000005,-45.833333333333336
inflation,2022,Inflacja w Polsce w listopadzie 2021 i prognozy na 2022,6.0,14.4,-8.4,8.4,-58.333333333333336
inflation,2022,Prognozy inflacyjne w Polsce na lata 2022–2023,7.0,14.4,-7.4,7.4,-51.38888888888889
inflation,2022,Prognozy makro dla strefy euro i decyzja EBC w sprawie stóp,1.5,14.4,-12.9,12.9,-89.58333333333334
inflation,2022,Prognozy PIE dotyczące inflacji w Polsce,5.4,14.4,-9.0,9.0,-62.5
inflation,2022,"Prognozy makroekonomiczne NBP: inflacja, PKB i stopy procentowe na 2022-2023",7.4,14.4,-7.0,7.0,-48.61111111111111
inflation,2022,"Podsumowania 2021, prognozy 2022",7.4,14.4,-7.0,7.0,-48.61111111111111
inflation,2022,"Prognozy makro dla Polski: PKB, inflacja i stopy procentowe",9.0,14.4,-5.4,5.4,-37.5
inflation,2022,"Prognozy MFW dla PKB, inflacji i bezrobocia Polski na lata 2021-2022",3.3,14.4,-11.100000000000001,11.100000000000001,-77.08333333333334
inflation,2022,Inflacja CPI w Polsce w grudniu 2021 przekroczyła 8% i pojawiają się prognozy na 2022-2023 oraz spodziewane podwyżki stóp procentowych,7.8,14.4,-6.6000000000000005,6.6000000000000005,-45.833333333333336
inflation,2022,"RPP nie zmienia stóp, NFPlan i projekcje NBP inflacja/PKB; przewidywania dotyczące przyszłych podwyżek stóp",3.3,14.4,-11.100000000000001,11.100000000000001,-77.08333333333334
inflation,2022,Inflacja i prognozy makroekonomiczne w Polsce według Ankiety NBP,4.7,14.4,-9.7,9.7,-67.3611111111111
inflation,2022,Inflation peak forecast and anticipated path of central bank policy (Polska i USA),14.5,14.4,0.09999999999999964,0.09999999999999964,0.694444444444442
inflation,2022,"PKO BP obniża prognozę PKB na 2022, inflacja i stopy procentowe rosną",9.5,14.4,-4.9,4.9,-34.02777777777778
inflation,2022,Podwyżka stóp procentowych przez RPP i prognozy inflacji oraz PKB,10.75,14.4,-3.6500000000000004,3.6500000000000004,-25.347222222222225
inflation,2022,Inflacja w Polsce – prognozy CPI na 2021 i 2022 według ING Banku Śląskiego,3.8,14.4,-10.600000000000001,10.600000000000001,-73.61111111111111
inflation,2022,Inflacja w USA i oczekiwania co do ścieżki stóp Fed,7.3,14.4,-7.1000000000000005,7.1000000000000005,-49.30555555555556
inflation,2022,Podwyżki stóp procentowych w Polsce i związane z tym prognozy inflacji oraz PKB,13.0,14.4,-1.4000000000000004,1.4000000000000004,-9.722222222222223
inflation,2022,Prognozy makro dotyczące inflacji w Polsce (listopad 2022),17.5,14.4,3.0999999999999996,3.0999999999999996,21.527777777777775
inflation,2022,"Prognozy makroekonomiczne na temat PKB, inflacji i płac w Polsce na lata 2021–2023.",2.8,14.4,-11.600000000000001,11.600000000000001,-80.55555555555556
inflation,2022,Fitch podnosi prognozy wzrostu PKB Polski na 2021 i 2022; inflacja i stopy procentowe,3.5,14.4,-10.9,10.9,-75.69444444444444
inflation,2022,Pozytywne prognozy Goldman Sachs dla Polski - PKB i inflacja,2.4,14.4,-12.0,12.0,-83.33333333333333
inflation,2022,Prognoza inflacji w Polsce,6.0,14.4,-8.4,8.4,-58.333333333333336
inflation,2022,Szokujące prognozy Saxo Banku na 2022 rok,15.0,14.4,0.5999999999999996,0.5999999999999996,4.166666666666664
inflation,2022,Korekta prognoz makro dla Polski: PKB i inflacja na lata 2022–2023 przez Credit Agricole,8.0,14.4,-6.4,6.4,-44.44444444444445
inflation,2022,Glapiński o koronawirusie i inflacji – projekcje makroekonomiczne NBP,2.35,14.4,-12.05,12.05,-83.68055555555556
inflation,2022,"NBP, inflacja i polityka pieniężna; prognoza inflacji w najbliższym roku",2.5,14.4,-11.9,11.9,-82.63888888888889
inflation,2022,Inflacja w Polsce we wrześniu 2021 r. i prognozy na 2022 r.,7.0,14.4,-7.4,7.4,-51.38888888888889
inflation,2022,"NBP: inflacja CPI rośnie w horyzoncie, PKB spada w 2023, potem rośnie",14.5,14.4,0.09999999999999964,0.09999999999999964,0.694444444444442
inflation,2022,Inflacja w Polsce – październik 2021 i prognozy NB P,5.8,14.4,-8.600000000000001,8.600000000000001,-59.72222222222223
inflation,2022,Prognozy NBP dotyczące PKB i inflacji na 2022 rok,3.6,14.4,-10.8,10.8,-75.0
inflation,2022,"Decyzja RPP i projekcje NBP dotyczące inflacji i PKB, bez zmian stóp",14.45,14.4,0.049999999999998934,0.049999999999998934,0.3472222222222148
inflation,2022,Inflacja w Polsce w czerwcu 2022 i makroprognozy dotyczące inflacji oraz stóp procentowych,15.9,14.4,1.5,1.5,10.416666666666666
inflation,2022,RPP: centralne projekcje NBP dotyczące inflacji i PKB na lata 2021–2023,2.8,14.4,-11.600000000000001,11.600000000000001,-80.55555555555556
inflation,2022,Inflacja i podwyżki stóp procentowych – prognozy NBP,2.7,14.4,-11.7,11.7,-81.24999999999999
inflation,2022,NBP central projection: inflacja CPI i PKB w latach 2022–2024,10.8,14.4,-3.5999999999999996,3.5999999999999996,-24.999999999999996
inflation,2022,prognozy inflacji w 2022 r. wg NBP,7.6,14.4,-6.800000000000001,6.800000000000001,-47.22222222222223
inflation,2022,Prognozy inflacji i stóp procentowych (RPP) według Gatnara na 2021-2022,9.0,14.4,-5.4,5.4,-37.5
inflation,2022,Inflacja w Polsce i oczekiwania na kolejny przebieg,6.0,14.4,-8.4,8.4,-58.333333333333336
inflation,2022,Polska poza czołówką wzrostu PKB w UE; prognozy KE na 2021-2022,2.9,14.4,-11.5,11.5,-79.8611111111111
inflation,2022,"Prognozy makroekonomiczne po decyzji RPP: inflacja, stopy procentowe i kurs walutowy",4.5,14.4,-9.9,9.9,-68.75
inflation,2022,Węgry podnoszą stopy procentowe z powodu inflacji; prognoza inflacji na 2022 r.,3.0,14.4,-11.4,11.4,-79.16666666666666
inflation,2022,Inflacja w Rumunii najwyższa w regionie; ekonomiści szacują prognozy inflacyjne dla Polski na koniec 2021 i początek 2022.,7.0,14.4,-7.4,7.4,-51.38888888888889
inflation,2022,Prognozy makroekonomiczne FOMC i ścieżka stóp Fed,2.2,14.4,-12.2,12.2,-84.72222222222221
inflation,2022,Podwyżka stóp procentowych przez RPP i projekcja inflacji NBP na lata 2021–2023,5.8,14.4,-8.600000000000001,8.600000000000001,-59.72222222222223
inflation,2022,"Prognoza KE: recesja w UE w 2022 Q4, później powrót wzrostu w latach 2023–2024, wysoką inflację",9.3,14.4,-5.1,5.1,-35.416666666666664
inflation,2022,Podwyżki stóp procentowych NBP i inflacja w projekcie budżetu na 2022 r.,3.3,14.4,-11.100000000000001,11.100000000000001,-77.08333333333334
inflation,2022,RPP podnosi stopy procentowe; projekcje inflacji i PKB według NBP,10.8,14.4,-3.5999999999999996,3.5999999999999996,-24.999999999999996
inflation,2022,NBP: większe prawdopodobieństwo dalszych podwyżek stóp procentowych; centralna projekcja inflacji i PKB na lata 2021-2023,5.8,14.4,-8.600000000000001,8.600000000000001,-59.72222222222223
inflation,2022,RPP podwyższyła stopy i opublikowała projekcje NBP dotyczące inflacji i PKB,14.3,14.4,-0.09999999999999964,0.09999999999999964,-0.694444444444442
inflation,2022,CNB podnosi stopy procentowe i prezentuje wyższą ścieżkę inflacyjną,15.0,14.4,0.5999999999999996,0.5999999999999996,4.166666666666664
inflation,2022,Prognozy makroekonomiczne dotyczące polityki Fed i inflacji (USA),2.7,14.4,-11.7,11.7,-81.24999999999999
inflation,2022,"Alior Bank zrewidował prognozy: inflacja, PKB i stopy procentowe",10.5,14.4,-3.9000000000000004,3.9000000000000004,-27.083333333333336
inflation,2022,Prognozy inflacji CPI w Polsce na 2022-2023,11.9,14.4,-2.5,2.5,-17.36111111111111
inflation,2022,Inflacja w Polsce w marcu 2022 i prognozy na rok 2022 oraz stopy procentowe,9.5,14.4,-4.9,4.9,-34.02777777777778
inflation,2022,Wzrost oczekiwań inflacyjnych i projekcje inflacji CPI wg NBP,10.8,14.4,-3.5999999999999996,3.5999999999999996,-24.999999999999996
inflation,2022,Prognozy ING Banku Śląskiego dotyczące stóp procentowych i inflacji w Polsce na koniec 2022,17.5,14.4,3.0999999999999996,3.0999999999999996,21.527777777777775
inflation,2022,MFW obniża prognozy wzrostu PKB i inflacji Polski oraz deficytu na rachunku bieżącym,8.9,14.4,-5.5,5.5,-38.19444444444444
inflation,2022,IPiAG prognozuje dynamikę PKB i inflacji w Polsce na lata 2022-2023,14.5,14.4,0.09999999999999964,0.09999999999999964,0.694444444444442
inflation,2023,"Prognozy makroekonomiczne KE dla Polski na lata 2022–2024: inflacja, PKB, bezrobocie, deficyt i dług publiczny",13.8,11.4,2.4000000000000004,2.4000000000000004,21.05263157894737
inflation,2023,Prognozy KE dla Polski: inflacja i PKB na lata 2022-2023,9.0,11.4,-2.4000000000000004,2.4000000000000004,-21.05263157894737
inflation,2023,Fitch obniżyła prognozy PKB Polski i podała prognozy inflacyjne oraz stóp procentowych,10.5,11.4,-0.9000000000000004,0.9000000000000004,-7.8947368421052655
inflation,2023,"Prognozy makroekonomiczne PKO BP dotyczące Polski na 2023: PKB, inflacja i stopy procentowe",6.0,11.4,-5.4,5.4,-47.36842105263158
inflation,2023,"Prognozy KE dla Polski: PKB, inflacja i bezrobocie (2023-2025)",11.1,11.4,-0.3000000000000007,0.3000000000000007,-2.631578947368427
inflation,2023,"Prognozy OECD dla Polski: PKB, inflacja, deficyt i dług publiczny",11.8,11.4,0.40000000000000036,0.40000000000000036,3.5087719298245648
inflation,2023,"Prognozy OECD dla Polski na 2023-2024: PKB, inflacja, stopy procentowe, deficyt i dług publiczny",10.8,11.4,-0.5999999999999996,0.5999999999999996,-5.263157894736839
inflation,2023,Prognoza NBP dotycząca inflacji CPI i wzrostu PKB w latach 2022-2024,12.3,11.4,0.9000000000000004,0.9000000000000004,7.8947368421052655
inflation,2023,Prognozy IMF/WEO dotyczące globalnego PKB i inflacji,7.0,11.4,-4.4,4.4,-38.59649122807018
inflation,2023,"Prognozy makroekonomiczne z Ankiety NBP (inflacja, PKB, stopy procentowe, bezrobocie, kurs PLN/EUR)",2.8,11.4,-8.600000000000001,8.600000000000001,-75.43859649122808
inflation,2023,Nowe prognozy inflacji i PKB NBP,3.6,11.4,-7.800000000000001,7.800000000000001,-68.42105263157895
inflation,2023,Oczekiwania inflacyjne i prognozy makro dla Polski (grudzień 2021),5.0,11.4,-6.4,6.4,-56.14035087719298
inflation,2023,"Prognozy NBP: inflacja wyraźnie przyspieszy, PKB także",3.2,11.4,-8.2,8.2,-71.92982456140349
inflation,2023,"Prognozy makro Pekao na 2022: bezrobocie, inflacja, wynagrodzenia, stopy procentowe",5.4,11.4,-6.0,6.0,-52.63157894736842
inflation,2023,Wzrost inflacji w lipcu 2021 oraz prognozy na lata 2022-2023,3.5,11.4,-7.9,7.9,-69.2982456140351
inflation,2023,NBP projection suggests further rate hikes; inflation and GDP forecasts for 2021–2023,3.6,11.4,-7.800000000000001,7.800000000000001,-68.42105263157895
inflation,2023,Prognozy inflacyjne w Polsce na lata 2022–2023,5.0,11.4,-6.4,6.4,-56.14035087719298
inflation,2023,Prognozy makro dla strefy euro i decyzja EBC w sprawie stóp,1.4,11.4,-10.0,10.0,-87.71929824561403
inflation,2023,Prognozy PIE dotyczące inflacji w Polsce,3.9,11.4,-7.5,7.5,-65.78947368421052
inflation,2023,"Prognozy makroekonomiczne NBP: inflacja, PKB i stopy procentowe na 2022-2023",4.4,11.4,-7.0,7.0,-61.40350877192983
inflation,2023,"Prognozy makro dla Polski: PKB, inflacja i stopy procentowe",8.0,11.4,-3.4000000000000004,3.4000000000000004,-29.824561403508774
inflation,2023,Inflacja CPI w Polsce w grudniu 2021 przekroczyła 8% i pojawiają się prognozy na 2022-2023 oraz spodziewane podwyżki stóp procentowych,6.75,11.4,-4.65,4.65,-40.78947368421053
inflation,2023,"RPP nie zmienia stóp, NFPlan i projekcje NBP inflacja/PKB; przewidywania dotyczące przyszłych podwyżek stóp",3.35,11.4,-8.05,8.05,-70.6140350877193
inflation,2023,Inflacja i prognozy makroekonomiczne w Polsce według Ankiety NBP,3.4,11.4,-8.0,8.0,-70.17543859649122
inflation,2023,Podwyżka stóp procentowych przez RPP i prognozy inflacji oraz PKB,9.0,11.4,-2.4000000000000004,2.4000000000000004,-21.05263157894737
inflation,2023,Prognoza inflacji i PKB według NBP (lipiec 2023),11.9,11.4,0.5,0.5,4.385964912280701
inflation,2023,"Prognozy makroekonomiczne na temat PKB, inflacji i płac w Polsce na lata 2021–2023.",3.2,11.4,-8.2,8.2,-71.92982456140349
inflation,2023,Pozytywne prognozy Goldman Sachs dla Polski - PKB i inflacja,2.4,11.4,-9.0,9.0,-78.94736842105263
inflation,2023,Prognozy PKB i inflacji Polski według Goldman Sachs na 2023–2024,12.1,11.4,0.6999999999999993,0.6999999999999993,6.140350877192976
inflation,2023,Korekta prognoz makro dla Polski: PKB i inflacja na lata 2022–2023 przez Credit Agricole,5.1,11.4,-6.300000000000001,6.300000000000001,-55.26315789473685
inflation,2023,RPP pozostaje stabilna; NECMOD prezentuje prognozy inflacji i PKB na 2023–2025,11.85,11.4,0.4499999999999993,0.4499999999999993,3.947368421052625
inflation,2023,Prognozy inflacyjne NBP (trajektoria na 2023 i 2025),11.9,11.4,0.5,0.5,4.385964912280701
inflation,2023,"NBP: inflacja CPI rośnie w horyzoncie, PKB spada w 2023, potem rośnie",13.1,11.4,1.6999999999999993,1.6999999999999993,14.91228070175438
inflation,2023,Inflacja w Polsce – październik 2021 i prognozy NB P,3.6,11.4,-7.800000000000001,7.800000000000001,-68.42105263157895
inflation,2023,"Decyzja RPP i projekcje NBP dotyczące inflacji i PKB, bez zmian stóp",13.2,11.4,1.799999999999999,1.799999999999999,15.789473684210517
inflation,2023,Prognozy inflacji i płac realnych w Polsce według NBP,8.0,11.4,-3.4000000000000004,3.4000000000000004,-29.824561403508774
inflation,2023,RPP: centralne projekcje NBP dotyczące inflacji i PKB na lata 2021–2023,3.2,11.4,-8.2,8.2,-71.92982456140349
inflation,2023,Inflacja i cykl obniżek stóp w Polsce – prognozy NBP,6.5,11.4,-4.9,4.9,-42.98245614035088
inflation,2023,NBP central projection: inflacja CPI i PKB w latach 2022–2024,9.0,11.4,-2.4000000000000004,2.4000000000000004,-21.05263157894737
inflation,2023,RPP i ścieżka inflacji według projekcji NBP; pauza w cyklu podwyżek stóp,8.0,11.4,-3.4000000000000004,3.4000000000000004,-29.824561403508774
inflation,2023,Podwyżka stóp procentowych przez RPP i projekcja inflacji NBP na lata 2021–2023,3.65,11.4,-7.75,7.75,-67.98245614035088
inflation,2023,"Prognoza KE: recesja w UE w 2022 Q4, później powrót wzrostu w latach 2023–2024, wysoką inflację",7.0,11.4,-4.4,4.4,-38.59649122807018
inflation,2023,RPP podnosi stopy procentowe; projekcje inflacji i PKB według NBP,9.0,11.4,-2.4000000000000004,2.4000000000000004,-21.05263157894737
inflation,2023,RPP podwyższyła stopy i opublikowała projekcje NBP dotyczące inflacji i PKB,12.45,11.4,1.049999999999999,1.049999999999999,9.210526315789464
inflation,2023,CNB podnosi stopy procentowe i prezentuje wyższą ścieżkę inflacyjną,4.0,11.4,-7.4,7.4,-64.91228070175438
inflation,2023,Prognozy makroekonomiczne dotyczące polityki Fed i inflacji (USA),2.2,11.4,-9.2,9.2,-80.7017543859649
inflation,2023,"Alior Bank zrewidował prognozy: inflacja, PKB i stopy procentowe",8.6,11.4,-2.8000000000000007,2.8000000000000007,-24.561403508771935
inflation,2023,Prognozy inflacji CPI w Polsce na 2022-2023,8.4,11.4,-3.0,3.0,-26.31578947368421
inflation,2023,Wzrost oczekiwań inflacyjnych i projekcje inflacji CPI wg NBP,9.0,11.4,-2.4000000000000004,2.4000000000000004,-21.05263157894737
inflation,2023,MFW obniża prognozy wzrostu PKB i inflacji Polski oraz deficytu na rachunku bieżącym,10.3,11.4,-1.0999999999999996,1.0999999999999996,-9.649122807017541
inflation,2023,IPiAG prognozuje dynamikę PKB i inflacji w Polsce na lata 2022-2023,14.1,11.4,2.6999999999999993,2.6999999999999993,23.684210526315784
interest_rate,2021,"Prognozy makroekonomiczne z Ankiety NBP (inflacja, PKB, stopy procentowe, bezrobocie, kurs PLN/EUR)",0.1,0.3,-0.19999999999999998,0.19999999999999998,-66.66666666666666
interest_rate,2021,Prognozy makro dla strefy euro i decyzja EBC w sprawie stóp,-0.5,0.3,-0.8,0.8,-266.6666666666667
interest_rate,2021,"RPP nie zmienia stóp, NFPlan i projekcje NBP inflacja/PKB; przewidywania dotyczące przyszłych podwyżek stóp",0.2,0.3,-0.09999999999999998,0.09999999999999998,-33.33333333333333
interest_rate,2021,Prognozy PKB i stóp procentowych w kontekście IV fali koronawirusa,0.25,0.3,-0.04999999999999999,0.04999999999999999,-16.666666666666664
interest_rate,2021,Glapiński o koronawirusie i inflacji – projekcje makroekonomiczne NBP,1.5,0.3,1.2,1.2,400.0
interest_rate,2021,Inflacja w Polsce – październik 2021 i prognozy NB P,1.75,0.3,1.45,1.45,483.3333333333333
interest_rate,2021,Prognozy inflacji i polityki pieniężnej w Polsce (2021–2022),0.15,0.3,-0.15,0.15,-50.0
interest_rate,2021,"RPP posiedzenie, inflacja i możliwe ruchy stóp procentowych",0.25,0.3,-0.04999999999999999,0.04999999999999999,-16.666666666666664
interest_rate,2021,Inflacja na Węgrzech i zapowiedź dalszych podwyżek stóp procentowych przez MNB,1.8,0.3,1.5,1.5,500.0
interest_rate,2021,"RPP posiedzenie i scenariusze makroekonomiczne, w tym inflacja i stopy procentowe",1.0,0.3,0.7,0.7,233.33333333333334
interest_rate,2021,"Prognozy makroekonomiczne dotyczące inflacji, PKB i stóp procentowych w 2021 r. w Polsce",0.15,0.3,-0.15,0.15,-50.0
interest_rate,2021,RPP maj 2021: rosnąca inflacja i perspektywy podwyżek stóp procentowych,0.25,0.3,-0.04999999999999999,0.04999999999999999,-16.666666666666664
interest_rate,2022,"Prognozy makroekonomiczne z Ankiety NBP (inflacja, PKB, stopy procentowe, bezrobocie, kurs PLN/EUR)",0.17,5.3,-5.13,5.13,-96.79245283018868
interest_rate,2022,Oczekiwania inflacyjne i prognozy makro dla Polski (grudzień 2021),4.0,5.3,-1.2999999999999998,1.2999999999999998,-24.528301886792452
interest_rate,2022,"Prognozy makro Pekao na 2022: bezrobocie, inflacja, wynagrodzenia, stopy procentowe",4.0,5.3,-1.2999999999999998,1.2999999999999998,-24.528301886792452
interest_rate,2022,NBP projection suggests further rate hikes; inflation and GDP forecasts for 2021–2023,2.0,5.3,-3.3,3.3,-62.264150943396224
interest_rate,2022,Inflacja w Polsce w listopadzie 2021 i prognozy na 2022,3.0,5.3,-2.3,2.3,-43.39622641509433
interest_rate,2022,Prognozy makro dla strefy euro i decyzja EBC w sprawie stóp,-0.5,5.3,-5.8,5.8,-109.43396226415094
interest_rate,2022,"Prognozy makroekonomiczne NBP: inflacja, PKB i stopy procentowe na 2022-2023",3.0,5.3,-2.3,2.3,-43.39622641509433
interest_rate,2022,"Podsumowania 2021, prognozy 2022",3.0,5.3,-2.3,2.3,-43.39622641509433
interest_rate,2022,"Prognozy makro dla Polski: PKB, inflacja i stopy procentowe",5.5,5.3,0.20000000000000018,0.20000000000000018,3.7735849056603805
interest_rate,2022,Inflacja CPI w Polsce w grudniu 2021 przekroczyła 8% i pojawiają się prognozy na 2022-2023 oraz spodziewane podwyżki stóp procentowych,0.5,5.3,-4.8,4.8,-90.56603773584906
interest_rate,2022,"RPP nie zmienia stóp, NFPlan i projekcje NBP inflacja/PKB; przewidywania dotyczące przyszłych podwyżek stóp",0.95,5.3,-4.35,4.35,-82.0754716981132
interest_rate,2022,Inflacja i prognozy makroekonomiczne w Polsce według Ankiety NBP,0.62,5.3,-4.68,4.68,-88.30188679245283
interest_rate,2022,Inflation peak forecast and anticipated path of central bank policy (Polska i USA),7.0,5.3,1.7000000000000002,1.7000000000000002,32.07547169811321
interest_rate,2022,Inflacja w USA osiągnęła 7% w grudniu 2021 i rośnie dyskusja o podwyżkach stóp Fed w 2022,1.0,5.3,-4.3,4.3,-81.13207547169812
interest_rate,2022,"PKO BP obniża prognozę PKB na 2022, inflacja i stopy procentowe rosną",4.75,5.3,-0.5499999999999998,0.5499999999999998,-10.377358490566033
interest_rate,2022,Inflacja w USA i oczekiwania co do ścieżki stóp Fed,5.0,5.3,-0.2999999999999998,0.2999999999999998,-5.660377358490563
interest_rate,2022,Podwyżki stóp procentowych w Polsce i związane z tym prognozy inflacji oraz PKB,6.5,5.3,1.2000000000000002,1.2000000000000002,22.641509433962266
interest_rate,2022,Prognozy PKB i stóp procentowych w kontekście IV fali koronawirusa,0.75,5.3,-4.55,4.55,-85.84905660377359
interest_rate,2022,Fitch podnosi prognozy wzrostu PKB Polski na 2021 i 2022; inflacja i stopy procentowe,0.3,5.3,-5.0,5.0,-94.33962264150944
interest_rate,2022,Prognozy wzrostu gospodarczego i stóp procentowych na 2022 r. w Polsce,2.5,5.3,-2.8,2.8,-52.83018867924528
interest_rate,2022,"ING BSK: 7% wzrost PKB w I kw. 2022 i prognozy wzrostu stóp NBP do 4,50%",4.5,5.3,-0.7999999999999998,0.7999999999999998,-15.094339622641506
interest_rate,2022,Glapiński o koronawirusie i inflacji – projekcje makroekonomiczne NBP,1.5,5.3,-3.8,3.8,-71.69811320754717
interest_rate,2022,Inflacja w Polsce w czerwcu 2022 i makroprognozy dotyczące inflacji oraz stóp procentowych,7.25,5.3,1.9500000000000002,1.9500000000000002,36.79245283018868
interest_rate,2022,Prognozy inflacji i stóp procentowych (RPP) według Gatnara na 2021-2022,3.0,5.3,-2.3,2.3,-43.39622641509433
interest_rate,2022,"Prognozy makroekonomiczne po decyzji RPP: inflacja, stopy procentowe i kurs walutowy",2.0,5.3,-3.3,3.3,-62.264150943396224
interest_rate,2022,"Budżet 2022 zakłada podwyżkę stóp NBP do 0,38%",0.38,5.3,-4.92,4.92,-92.83018867924528
interest_rate,2022,Wzrost stóp procentowych zwiększy zysk netto giełdowych banków w 2022 roku,3.0,5.3,-2.3,2.3,-43.39622641509433
interest_rate,2022,Spowolnienie na rynku mieszkań i prognozy cen mieszkań w 2022 r.,4.0,5.3,-1.2999999999999998,1.2999999999999998,-24.528301886792452
interest_rate,2022,Koniec cyklu podwyżek stóp w Polsce; prognozy na koniec 2023 (PKO BP) i 2022 Q3 (Credit Agricole),7.75,5.3,2.45,2.45,46.22641509433963
interest_rate,2022,Podwyżki stóp procentowych NBP i inflacja w projekcie budżetu na 2022 r.,1.0,5.3,-4.3,4.3,-81.13207547169812
interest_rate,2022,RPP podnosi stopy procentowe; projekcje inflacji i PKB według NBP,6.75,5.3,1.4500000000000002,1.4500000000000002,27.35849056603774
interest_rate,2022,Prognozy stóp procentowych w Polsce (podwyżki do 4% według analityków),4.0,5.3,-1.2999999999999998,1.2999999999999998,-24.528301886792452
interest_rate,2022,Ryzyko problemów ze spłatą kredytów hipotecznych po podwyżkach stóp procentowych,6.0,5.3,0.7000000000000002,0.7000000000000002,13.207547169811324
interest_rate,2022,CNB podnosi stopy procentowe i prezentuje wyższą ścieżkę inflacyjną,5.75,5.3,0.4500000000000002,0.4500000000000002,8.490566037735853
interest_rate,2022,"Alior Bank zrewidował prognozy: inflacja, PKB i stopy procentowe",6.5,5.3,1.2000000000000002,1.2000000000000002,22.641509433962266
interest_rate,2022,Inflacja w Polsce w marcu 2022 i prognozy na rok 2022 oraz stopy procentowe,0.75,5.3,-4.55,4.55,-85.84905660377359
interest_rate,2022,Prognozy ING Banku Śląskiego dotyczące stóp procentowych i inflacji w Polsce na koniec 2022,8.5,5.3,3.2,3.2,60.377358490566046
interest_rate,2022,Inflacja i PPI w USA oraz spodziewana podwyżka stóp procentowych przez Fed,3.125,5.3,-2.175,2.175,-41.0377358490566
interest_rate,2022,Prognozy stóp procentowych NBP i kursu EUR/PLN w Polsce,7.75,5.3,2.45,2.45,46.22641509433963
interest_rate,2023,Fitch obniżyła prognozy PKB Polski i podała prognozy inflacyjne oraz stóp procentowych,6.75,6.4,0.34999999999999964,0.34999999999999964,5.468749999999995
interest_rate,2023,"Prognozy makroekonomiczne PKO BP dotyczące Polski na 2023: PKB, inflacja i stopy procentowe",6.25,6.4,-0.15000000000000036,0.15000000000000036,-2.3437500000000053
interest_rate,2023,"Prognozy OECD dla Polski na 2023-2024: PKB, inflacja, stopy procentowe, deficyt i dług publiczny",8.0,6.4,1.5999999999999996,1.5999999999999996,24.999999999999993
interest_rate,2023,"Prognozy makroekonomiczne z Ankiety NBP (inflacja, PKB, stopy procentowe, bezrobocie, kurs PLN/EUR)",0.58,6.4,-5.82,5.82,-90.9375
interest_rate,2023,Prognozy makro dla strefy euro i decyzja EBC w sprawie stóp,-0.3,6.4,-6.7,6.7,-104.6875
interest_rate,2023,"Prognozy makroekonomiczne NBP: inflacja, PKB i stopy procentowe na 2022-2023",3.29,6.4,-3.1100000000000003,3.1100000000000003,-48.59375
interest_rate,2023,Inflacja i prognozy makroekonomiczne w Polsce według Ankiety NBP,1.22,6.4,-5.180000000000001,5.180000000000001,-80.9375
interest_rate,2023,Inflation peak forecast and anticipated path of central bank policy (Polska i USA),3.0,6.4,-3.4000000000000004,3.4000000000000004,-53.125
interest_rate,2023,Oczekiwanie na utrzymanie stóp procentowych w Polsce i projekcja inflacji do końca 2025,6.75,6.4,0.34999999999999964,0.34999999999999964,5.468749999999995
interest_rate,2023,RPP i ścieżka inflacji według projekcji NBP; pauza w cyklu podwyżek stóp,6.75,6.4,0.34999999999999964,0.34999999999999964,5.468749999999995
interest_rate,2023,Prognozy makroekonomiczne FOMC i ścieżka stóp Fed,1.0,6.4,-5.4,5.4,-84.375
interest_rate,2023,Koniec cyklu podwyżek stóp w Polsce; prognozy na koniec 2023 (PKO BP) i 2022 Q3 (Credit Agricole),5.75,6.4,-0.6500000000000004,0.6500000000000004,-10.156250000000005
interest_rate,2023,RPP obniża stopy procentowe i prezentuje prognozy dotyczące przyszłych stóp i inflacji,5.5,6.4,-0.9000000000000004,0.9000000000000004,-14.062500000000005
interest_rate,2023,Prognoza ING dotycząca docelowej stopy procentowej w Polsce,7.5,6.4,1.0999999999999996,1.0999999999999996,17.187499999999993
interest_rate,2023,"Alior Bank zrewidował prognozy: inflacja, PKB i stopy procentowe",6.0,6.4,-0.40000000000000036,0.40000000000000036,-6.250000000000005
public_debt,2021,"Prognozy Komisji Europejskiej dla Polski: PKB, inflacja, bezrobocie i dłóg",58.5,53.0,5.5,5.5,10.377358490566039
public_debt,2021,Francja: prognozy deficytu i długu publicznego na 2021 r,122.4,53.0,69.4,69.4,130.9433962264151
public_debt,2021,"Budżet 2021 – deficyt 82,3 mld zł i makroprognozy (PKB, inflacja, wynagrodzenia)",64.7,53.0,11.700000000000003,11.700000000000003,22.075471698113212
public_debt,2022,"Prognozy makroekonomiczne KE dla Polski na lata 2022–2024: inflacja, PKB, bezrobocie, deficyt i dług publiczny",51.3,48.8,2.5,2.5,5.122950819672131
public_debt,2022,"Prognozy Komisji Europejskiej dla Polski: PKB, inflacja, bezrobocie i dłóg",58.3,48.8,9.5,9.5,19.467213114754102
public_debt,2023,"Prognozy makroekonomiczne KE dla Polski na lata 2022–2024: inflacja, PKB, bezrobocie, deficyt i dług publiczny",52.9,49.7,3.1999999999999957,3.1999999999999957,6.4386317907444575
public_debt,2023,"Prognozy OECD dla Polski: PKB, inflacja, deficyt i dług publiczny",51.4,49.7,1.6999999999999957,1.6999999999999957,3.4205231388329893
public_debt,2023,"Prognozy OECD dla Polski na 2023-2024: PKB, inflacja, stopy procentowe, deficyt i dług publiczny",53.6,49.7,3.8999999999999986,3.8999999999999986,7.847082494969817
unemployment,2021,"Prognozy makroekonomiczne z Ankiety NBP (inflacja, PKB, stopy procentowe, bezrobocie, kurs PLN/EUR)",6.2,3.4,2.8000000000000003,2.8000000000000003,82.3529411764706
unemployment,2021,Prognozy KE dla Polski: wzrost PKB i niskie bezrobocie,3.5,3.4,0.10000000000000009,0.10000000000000009,2.941176470588238
unemployment,2021,NBP marcowa projekcja 2019-2021: inflacja CPI i PKB,3.0,3.4,-0.3999999999999999,0.3999999999999999,-11.764705882352938
unemployment,2021,"NBP projekcja: inflacja w górę, PKB w dół w latach 2019–2021",4.1,3.4,0.6999999999999997,0.6999999999999997,20.58823529411764
unemployment,2021,Prognozy makro dla strefy euro i decyzja EBC w sprawie stóp,8.2,3.4,4.799999999999999,4.799999999999999,141.17647058823525
unemployment,2021,"Prognozy MFW dla PKB, inflacji i bezrobocia Polski na lata 2021-2022",3.5,3.4,0.10000000000000009,0.10000000000000009,2.941176470588238
unemployment,2021,"Prognozy Komisji Europejskiej dla Polski: PKB, inflacja, bezrobocie i dłóg",5.3,3.4,1.9,1.9,55.88235294117647
unemployment,2021,Makroekonomiczne założenia do budżetu 2021 (Polska),7.5,3.4,4.1,4.1,120.58823529411764
unemployment,2021,Prognozy makroekonomiczne FOMC i ścieżka stóp Fed,4.8,3.4,1.4,1.4,41.17647058823529
unemployment,2021,"Stopa bezrobocia w UE, strefie euro i Polsce (sierpień 2021)",7.5,3.4,4.1,4.1,120.58823529411764
unemployment,2021,Stopa bezrobocia w Polsce – prognoza na luty 2021,6.4,3.4,3.0000000000000004,3.0000000000000004,88.23529411764707
unemployment,2022,"Prognozy makroekonomiczne KE dla Polski na lata 2022–2024: inflacja, PKB, bezrobocie, deficyt i dług publiczny",2.7,2.9,-0.19999999999999973,0.19999999999999973,-6.896551724137923
unemployment,2022,"Prognozy makroekonomiczne z Ankiety NBP (inflacja, PKB, stopy procentowe, bezrobocie, kurs PLN/EUR)",5.9,2.9,3.0000000000000004,3.0000000000000004,103.448275862069
unemployment,2022,Prognozy KE dla Polski: wzrost PKB i niskie bezrobocie,3.3,2.9,0.3999999999999999,0.3999999999999999,13.79310344827586
unemployment,2022,"Prognozy makro Pekao na 2022: bezrobocie, inflacja, wynagrodzenia, stopy procentowe",4.9,2.9,2.0000000000000004,2.0000000000000004,68.96551724137933
unemployment,2022,Prognozy makro dla strefy euro i decyzja EBC w sprawie stóp,7.9,2.9,5.0,5.0,172.41379310344828
unemployment,2022,"Podsumowania 2021, prognozy 2022",4.9,2.9,2.0000000000000004,2.0000000000000004,68.96551724137933
unemployment,2022,"Prognozy MFW dla PKB, inflacji i bezrobocia Polski na lata 2021-2022",3.2,2.9,0.30000000000000027,0.30000000000000027,10.344827586206906
unemployment,2022,Inflacja i prognozy makroekonomiczne w Polsce według Ankiety NBP,5.6,2.9,2.6999999999999997,2.6999999999999997,93.10344827586206
unemployment,2022,Polska poza czołówką wzrostu PKB w UE; prognozy KE na 2021-2022,3.3,2.9,0.3999999999999999,0.3999999999999999,13.79310344827586
unemployment,2022,"Prognoza KE: recesja w UE w 2022 Q4, później powrót wzrostu w latach 2023–2024, wysoką inflację",6.2,2.9,3.3000000000000003,3.3000000000000003,113.79310344827587
unemployment,2023,"Prognozy makroekonomiczne KE dla Polski na lata 2022–2024: inflacja, PKB, bezrobocie, deficyt i dług publiczny",3.0,2.8,0.20000000000000018,0.20000000000000018,7.1428571428571495
unemployment,2023,"Prognozy KE dla Polski: PKB, inflacja i bezrobocie (2023-2025)",3.0,2.8,0.20000000000000018,0.20000000000000018,7.1428571428571495
unemployment,2023,"Prognozy OECD dla Polski na 2023-2024: PKB, inflacja, stopy procentowe, deficyt i dług publiczny",3.5,2.8,0.7000000000000002,0.7000000000000002,25.000000000000007
unemployment,2023,"Prognozy makroekonomiczne z Ankiety NBP (inflacja, PKB, stopy procentowe, bezrobocie, kurs PLN/EUR)",5.6,2.8,2.8,2.8,100.0
unemployment,2023,Prognozy makro dla strefy euro i decyzja EBC w sprawie stóp,7.4,2.8,4.6000000000000005,4.6000000000000005,164.28571428571433
unemployment,2023,Inflacja i prognozy makroekonomiczne w Polsce według Ankiety NBP,5.3,2.8,2.5,2.5,89.28571428571429
unemployment,2023,"Prognoza KE: recesja w UE w 2022 Q4, później powrót wzrostu w latach 2023–2024, wysoką inflację",6.5,2.8,3.7,3.7,132.14285714285717
unemployment,2023,Prognoza bezrobocia w Polsce na 2023 rok,6.5,2.8,3.7,3.7,132.14285714285717
